,uri,y
0,,1
1,imgs/moped_2509979e-60ca-4278-801a-1b9532af59ae.jpg,1
2,imgs/moped_7d7f3a1c-59bb-4e00-8507-2cfd32f3ad68.jpg,1
3,,1
4,,1
5,imgs/moped_049ba3b5-3d65-4dd5-b8dc-6ec421a5c21f.jpg,1
6,imgs/moped_0cd5684b-ad32-49a7-a0d3-33a46c25416f.jpg,1
7,imgs/moped_30abdda3-8b62-4a1b-9c12-ac825c9064af.jpg,1
8,imgs/moped_e284510e-c56e-47a5-be21-49902a280b99.jpg,1
9,imgs/moped_7ad3a941-ff54-4fa9-a113-93575c4ff696.jpg,1
10,imgs/moped_619aca21-0016-40fd-9207-1a26f99ece02.jpg,1
11,imgs/moped_38dc49d7-7c1d-4f36-b85b-d27421ac205b.jpg,1
12,,1
13,imgs/moped_b3766f1f-d176-4e57-a136-61aa6d2e174d.jpg,1
14,imgs/moped_7fc45fda-1638-4303-a1af-d42ae29f83ac.jpg,1
15,imgs/moped_d7bf4ace-35e2-49e7-b37b-5d7ec0ef1dc2.jpg,1
16,,1
17,,1
18,,1
19,imgs/moped_571ef9af-4f95-4150-bd32-3153e8ec5e8b.jpg,1
20,imgs/moped_db93380d-bb7c-4484-9645-120bce14f0bb.jpg,1
21,imgs/moped_9576ff10-9e7a-4064-9563-8fe74e849093.jpg,1
22,,1
23,imgs/moped_f31304df-9869-491f-8a75-69433c779021.jpg,1
24,imgs/moped_c78505f2-c0b9-4f92-81e0-4eab7b0ed11b.jpg,1
25,,1
26,,1
27,imgs/moped_292473fc-0951-4823-8bf4-c7c6965f0fb9.jpg,1
28,,1
29,imgs/moped_16181e0a-5ec8-4e02-9544-6f1e0ccdf861.jpg,1
30,,1
31,,1
32,,1
33,,1
34,imgs/moped_ea526a94-8188-4be4-a5ad-977f67343f59.jpg,1
35,,1
36,,1
37,,1
38,imgs/moped_a05617d5-538a-4166-863f-35a5f90d0fe7.jpg,1
39,imgs/moped_b244c264-bd80-40f6-85e4-ec8ec6c6300d.jpg,1
40,,1
41,,1
42,,1
43,,1
44,imgs/moped_fceea947-621b-464c-ab9b-08ee5f58c827.jpg,1
45,imgs/moped_ca30b0bb-acad-4e71-bd9f-930f2af66da9.jpg,1
46,imgs/moped_6ec8e0ee-6f8b-4dc3-bc26-605e42fabadb.jpg,1
47,imgs/moped_7f5ebbae-4dea-4386-8394-50466092663a.jpg,1
48,imgs/moped_cf3ad7da-8c4c-4d47-b0b1-059b60947d62.jpg,1
49,imgs/moped_36808985-085a-4443-a67b-d47656d427ca.jpg,1
50,,1
51,imgs/moped_17ffcb37-5aa3-4990-bb91-659ffda70ae8.jpg,1
52,imgs/moped_78e5361c-2cbe-42c4-a139-1d9a32d125f1.jpg,1
53,imgs/moped_f13172ad-08b4-4bf0-8ff1-1450e4181ddf.jpg,1
54,imgs/moped_47afedd8-18e2-467c-a361-ef58ecf8bdf7.jpg,1
55,imgs/moped_d2edb7f2-e5c2-4def-bada-71de40259e53.jpg,1
56,,1
57,,1
58,imgs/moped_f7b996a5-3cd3-4107-bf53-be9e1d72b567.jpg,1
59,imgs/moped_378ab74d-0acd-4643-bc9a-f01703dea870.jpg,1
60,imgs/moped_da7e3b96-2e90-46b1-8265-24267944561b.jpg,1
61,imgs/moped_d37ec954-8e51-4204-84f1-041a705e555a.jpg,1
62,imgs/moped_2d0ad2dd-b528-4439-80ab-3483e17832c7.jpg,1
63,,1
64,imgs/moped_cbbad571-186f-4118-aad8-3bc9f7776b5c.jpg,1
65,,1
66,imgs/moped_63dc3b63-5caa-4a09-baa3-897c0c7f76c9.jpg,1
67,,1
68,imgs/moped_7fa50e6c-6cbe-4120-afc0-575450d0c781.jpg,1
69,imgs/moped_c2a78163-987c-4ca3-99d4-72a3b47cc6e4.jpg,1
70,imgs/moped_c6a9a8d4-25d7-49be-8c94-c1d365eb710d.jpg,1
71,imgs/moped_cc0c20f9-2566-493e-8ac6-675537c04ab2.jpg,1
72,imgs/moped_ee9560dc-a2d9-425d-98ff-44807e65848b.jpg,1
73,imgs/moped_7647687a-d73a-4b56-8383-edba1b70615c.jpg,1
74,imgs/moped_3ffd1cce-1a70-4652-aa33-cae2d3d90069.jpg,1
75,imgs/moped_255b5645-4eb8-4454-941b-98e18687ccc8.jpg,1
76,,1
77,imgs/moped_a70451ee-7b4d-4cb1-b0f1-afdcc9cbc707.jpg,1
78,imgs/moped_844c4630-5db8-4f4c-a8d7-54b7c36fd616.jpg,1
79,,1
80,,1
81,imgs/moped_10d60466-9654-4639-a5c2-8c8a1f33c3c5.jpg,1
82,imgs/moped_68e0d7bb-e11e-4819-8cdf-e94777768b85.jpg,1
83,,1
84,imgs/moped_8c41ba65-5b52-4786-b5cb-cb6cef88e5f0.jpg,1
85,,1
86,imgs/moped_0053bf79-3927-4b4f-8a6d-1d34674fc033.jpg,1
87,imgs/moped_7eaac813-a557-4421-97bf-4aa772f779f8.jpg,1
88,,1
89,,1
90,,1
91,,1
92,imgs/moped_23484ae3-848f-4e9e-b104-ebb0b7ddabce.jpg,1
93,imgs/moped_d899d9d7-f6ac-4fea-93ec-75caf1fd80d0.jpg,1
94,,1
95,,1
96,imgs/moped_995ac747-fd5d-4123-9038-acc27d1edeb5.jpg,1
97,imgs/moped_8ab1bd29-975a-4650-a379-9a0b1c04d048.jpg,1
98,imgs/moped_1bd69c08-ff82-4c20-b396-7a364bdfb899.jpg,1
99,imgs/moped_3d738e2a-f45c-4f27-a816-a679d1225dac.jpg,1
100,imgs/moped_232e5055-0931-412c-8cc5-72701234e317.jpg,1
101,,1
102,imgs/moped_650bd949-2a1c-421c-ba99-ea63c5611680.jpg,1
103,imgs/moped_d389a8fa-e127-4fad-b331-82f41979feff.jpg,1
104,,1
105,imgs/moped_f28860c1-e973-4427-81d4-0c7051a0a752.jpg,1
106,,1
107,imgs/moped_3b9c0011-204b-4886-a1ce-7e95926d9bd7.jpg,1
108,,1
109,imgs/moped_c0dc70ab-c994-45a2-bfdb-163a018cc5de.jpg,1
110,imgs/moped_cb003606-eaae-4389-aeb6-cbf57d5ce289.jpg,1
111,,1
112,,1
113,imgs/moped_4c5305b0-36b8-4ecb-becf-da420f51f7a4.jpg,1
114,imgs/moped_0dc8e8ef-0470-4ff6-9ce3-ea514bb2a5bd.jpg,1
115,imgs/moped_8e4fd879-ef2a-4f41-94e2-eb64d44f0c06.jpg,1
116,,1
117,,1
118,imgs/moped_fcd60dc5-e066-4751-aded-39845b252765.jpg,1
119,,1
120,imgs/moped_11a3765f-6b16-41a7-bea0-34b77e46f1f0.jpg,1
121,imgs/moped_fb71fd47-3b1e-489f-8bfb-bcbc77b1bb26.jpg,1
122,imgs/moped_83615d29-fa19-4a5c-8df4-4652ed9ca0fc.jpg,1
123,imgs/moped_a69e34eb-f25c-4524-8150-73e2c07064dc.jpg,1
124,,1
125,imgs/moped_0d548622-0528-4279-a12f-cf23a2bb74d2.jpg,1
126,imgs/moped_ca529e05-026b-44f6-80d1-aaa409b78738.jpg,1
127,,1
128,,1
129,imgs/moped_3352c219-90e5-4896-8e9a-2ee573d00330.jpg,1
130,imgs/moped_67ee2675-011a-4358-980e-2be991b5a3fc.jpg,1
131,imgs/moped_6a7b89c3-216b-4c15-af43-65bc831aed7a.jpg,1
132,,1
133,imgs/moped_b424aff4-3a17-4539-8a5b-098f3a69122b.jpg,1
134,,1
135,,1
136,,1
137,imgs/moped_1ad9f080-fa10-4cd2-960b-941a9347be21.jpg,1
138,imgs/moped_0cfa0593-14e8-40c5-ac7e-456a72600a71.jpg,1
139,,1
140,imgs/moped_8a89e211-9d9b-47c1-80fa-db60af75f639.jpg,1
141,imgs/moped_391880bf-58a7-4a08-b77a-41435eab9353.jpg,1
142,imgs/moped_b5da3726-0500-45ab-85f2-d20e3c9f1361.jpg,1
143,imgs/moped_2c12994c-90ba-4ecd-9258-4e8f0a11bb9f.jpg,1
144,imgs/moped_7f0ed1fa-668b-4942-b630-0b5b556257d1.jpg,1
145,imgs/moped_f04e0f96-f584-4336-b453-5cc7cdb47b6a.jpg,1
146,imgs/moped_e4c7db6c-a75a-405c-a2fe-e2f63bfc8893.jpg,1
147,imgs/moped_a30a3535-ce83-4294-87ac-2faa8ad60a64.jpg,1
148,imgs/moped_87a2032a-71f5-4d5e-81b5-51ce09b0822b.jpg,1
149,imgs/moped_4659ee5e-7b72-4bd8-acd7-fbb2e1dbd8a0.jpg,1
150,,1
151,imgs/moped_13a87986-d4bd-4d6b-b66e-7a1be9d06296.jpg,1
152,,1
153,imgs/moped_07d31610-02f0-48b0-b3e3-721f5fc28feb.jpg,1
154,imgs/moped_dd024a3d-d2a6-40d4-8405-ae21184c816b.jpg,1
155,imgs/moped_62c4c483-3f9f-47fa-801f-97db202bb396.jpg,1
156,imgs/moped_240b343c-b027-4c23-8824-88bc1ec6115b.jpg,1
157,imgs/moped_8454231f-4176-4740-bb01-7cfc37b5d72e.jpg,1
158,imgs/moped_6ef2b51a-9881-4633-931e-d407d6767a7d.jpg,1
159,,1
160,,1
161,imgs/moped_a52a30f8-7407-4d34-983d-75b1ebf2032f.jpg,1
162,imgs/moped_cdf46a90-aabe-43ca-abe5-f2d596116a57.jpg,1
163,imgs/moped_29a25273-f41c-4907-947e-1cc0256c2f13.jpg,1
164,imgs/moped_5849e6a7-e7f2-4f17-a170-24e8c61eb864.jpg,1
165,imgs/moped_418198cb-8cf5-44ed-bfcc-2a6a326de02f.jpg,1
166,imgs/moped_a745169e-362d-48d3-9846-fa75738cb8a0.jpg,1
167,imgs/moped_66a3a38c-a7ab-4724-bce9-c6e480f45a1f.jpg,1
168,imgs/moped_d82d25d0-c263-4b30-ae08-7692ffda9621.jpg,1
169,imgs/moped_754d4c12-219e-4fb2-b497-dccfc2249274.jpg,1
170,,1
171,imgs/moped_baaa7cd3-332b-4662-8ccf-a10616f97c38.jpg,1
172,,1
173,imgs/moped_830c6d0a-4118-4ddd-8af7-17d84c61d5fc.jpg,1
174,imgs/moped_3743d670-441f-4266-a621-5ac6f37eb12a.jpg,1
175,imgs/moped_c811973b-e117-448a-9938-594f5e56ae5c.jpg,1
176,imgs/moped_d1b060e3-79f0-43da-8d17-adb7393dbb7a.jpg,1
177,,1
178,,1
179,imgs/moped_1bbc03e2-aeb6-4023-a773-ebf364049d86.jpg,1
180,imgs/moped_7c4cbbed-6680-4b8b-a54c-e70dab3ab7ba.jpg,1
181,imgs/moped_3ebd7409-1b17-4e40-83e4-18c8ece2dc08.jpg,1
182,imgs/moped_c66be8ee-7576-4434-a1b4-75b307b5fabc.jpg,1
183,imgs/moped_7ffad225-a206-4bda-b1b5-400b22a2eca5.jpg,1
184,imgs/moped_a291dee1-208c-442b-9875-5b88b1ca12a6.jpg,1
185,,1
186,imgs/moped_d9b39256-9f61-426c-aa69-409892de3a6a.jpg,1
187,,1
188,imgs/moped_82e94aa3-f4df-4e23-8fa2-d987cd10ecf5.jpg,1
189,imgs/moped_c48c7a84-00ed-4819-9e2d-ac3919143e09.jpg,1
190,,1
191,imgs/moped_3c190115-e223-4125-8772-2f71080bbeb7.jpg,1
192,imgs/moped_4ddee9d0-5fe9-4ce3-a531-17688f0c43b3.jpg,1
193,imgs/moped_5504e48c-5ad3-4558-b075-7253666cbb57.jpg,1
194,,1
195,imgs/moped_8535c209-2247-4a3a-990c-4656ba1e38b6.jpg,1
196,imgs/moped_d539c371-5e89-4ab6-958e-3dbfd11d7f83.jpg,1
197,imgs/moped_1d7d3810-0e9c-4e77-a97d-d12a4f87fb58.jpg,1
198,imgs/moped_27185e2c-924d-495a-bd21-a7903903031d.jpg,1
199,,1
200,,1
201,imgs/moped_d8547d25-d248-4406-aa01-ebc5f62e02b2.jpg,1
202,,1
203,imgs/moped_20c640ba-583f-4dba-8fdc-f4892272a1bb.jpg,1
204,imgs/moped_ad24e248-d2b1-4f13-9100-a30d23a44912.jpg,1
205,imgs/moped_06b12e74-4e3a-408f-9954-d3dbf800700d.jpg,1
206,imgs/moped_0e493a0b-e8f5-4301-b5ca-e23834273b43.jpg,1
207,imgs/moped_7e4febac-e20a-4bd2-a22d-c1191f129c7c.jpg,1
208,imgs/moped_a5ea026c-4870-433c-9461-1ce41347113f.jpg,1
209,imgs/moped_9e37692b-7be5-479b-b7cc-6a1177a5a2d2.jpg,1
210,,1
211,imgs/moped_8cadd43b-4359-4eaa-bfe0-9eb35367823d.jpg,1
212,,1
213,imgs/moped_4122e6c9-f03c-4b58-a8b7-e6cecfaa0a3d.jpg,1
214,imgs/moped_82261ee0-571a-4dce-9bff-e309da7ea220.jpg,1
215,,1
216,imgs/moped_ea7f7af6-85a7-4880-9a35-1bf43bdf932a.jpg,1
217,imgs/moped_a8d5066e-cb0d-4f3f-8722-af481000a606.jpg,1
218,,1
219,,1
220,imgs/moped_c874c0b5-e4ce-421d-833f-1748bdd84165.jpg,1
221,,1
222,,1
223,imgs/moped_011d9788-9c4d-4e66-84fa-598c4e07b2be.jpg,1
224,imgs/moped_cea42e97-4cde-4a21-a686-f48c98893271.jpg,1
225,,1
226,imgs/moped_c700f87b-b077-4acb-b1b4-2f3181b55ce5.jpg,1
227,,1
228,imgs/moped_6ca29e39-cb26-4498-8884-cef968f08fbd.jpg,1
229,,1
230,,1
231,imgs/moped_3ea4206c-7d78-4fe0-9a9a-94d1c1162b00.jpg,1
232,,1
233,imgs/moped_33489861-d104-4e94-99b7-f0fbca2cb4bd.jpg,1
234,,1
235,imgs/moped_50442ca9-1022-4fdc-a1e9-ddfab934adef.jpg,1
236,,1
237,imgs/moped_559b2835-8a1a-4352-a047-fde66b422ad3.jpg,1
238,,1
239,imgs/moped_02cb5469-37f8-47ad-80f7-54b36a15737f.jpg,1
240,,1
241,,1
242,imgs/moped_d5772211-6b0b-4b84-88ef-26bac685b2ec.jpg,1
243,,1
244,imgs/moped_646bc5c3-eb87-4078-ae3a-ea3c555db12b.jpg,1
245,imgs/moped_417baa75-0417-4f6a-add8-450cb2e0bb42.jpg,1
246,,1
247,,1
248,,1
249,,1
250,imgs/moped_9ae2e936-104e-4405-8f77-eb151b420a75.jpg,1
251,imgs/moped_b9efbb1b-768b-4e95-b887-ad6aa7e625b6.jpg,1
252,,1
253,,1
254,,1
255,,1
256,imgs/moped_fc9b9789-4e2c-4540-9da2-f28d9d2f32c2.jpg,1
257,imgs/moped_621d2ef3-eefc-4896-b160-3693850705b1.jpg,1
258,imgs/moped_02e80fa9-f537-4002-b8f0-42061711a726.jpg,1
259,,1
260,imgs/moped_017087c2-f88a-4878-ba41-fb0a1948d48c.jpg,1
261,imgs/moped_0ba2b8d2-a063-4130-a54c-686bdfe3656f.jpg,1
262,,1
263,imgs/moped_6cdefb85-366c-4a57-aaf7-840f95cf5c8d.jpg,1
264,imgs/moped_9531cb84-2dcd-4f53-9968-07a84b628979.jpg,1
265,imgs/moped_0ba542c4-a40f-4d3d-ba7b-e21e74e37522.jpg,1
266,imgs/moped_2a2d4305-dc36-4cbe-89f6-f9459ea6162a.jpg,1
267,imgs/moped_1580a64e-5541-412e-af58-60f01485c4bc.jpg,1
268,imgs/moped_d93110d3-f5d3-4318-bccb-e4351807f226.jpg,1
269,imgs/moped_aef481ff-bbb1-4579-a075-cb44d6a36910.jpg,1
270,,1
271,,1
272,,1
273,,1
274,,1
275,imgs/moped_c3ab69ea-3462-4af5-b10b-99bfdd6ef992.jpg,1
276,imgs/moped_9d145761-1ac5-4e42-bddd-4497c6acf624.jpg,1
277,imgs/moped_cec0b230-3279-4e23-8dca-013ec65b3a55.jpg,1
278,imgs/moped_f0815e66-a6a4-4a94-88df-2dae9ce87059.jpg,1
279,imgs/moped_eb660556-b36d-4669-8425-2d0171366b55.jpg,1
280,imgs/moped_487c8cbc-f651-4ede-9495-7a274594b56b.jpg,1
281,imgs/moped_934d6d84-fb56-4c0f-aa7b-10ff8ea8cac4.jpg,1
282,imgs/moped_d63354ce-302b-43f2-8a9d-72ff5aba2019.jpg,1
283,imgs/moped_245e58e8-03eb-43f2-a6d3-5844f4c0fa2b.jpg,1
284,imgs/moped_91ec7bb3-5410-4a3a-9b19-4ae667b5d0a5.jpg,1
285,imgs/moped_4acaf692-6a3b-4a85-a795-85519bb4f834.jpg,1
286,imgs/moped_31f35443-4bfc-4653-8b5a-bae4f4aa8645.jpg,1
287,imgs/moped_2b305e07-d974-4037-be46-51c6e5179025.jpg,1
288,,1
289,,1
290,imgs/moped_404a5cc5-7639-42b9-8803-e648b4bfbebb.jpg,1
291,,1
292,,1
293,imgs/moped_a59be997-1188-478f-a70c-eaddf711429f.jpg,1
294,,1
295,,1
296,imgs/moped_0c265968-4105-4a3c-a19b-bcfa18436771.jpg,1
297,,1
298,,1
299,,1
300,imgs/moped_8226e4de-47ca-42e9-b28a-5aa28af5f40d.jpg,1
301,imgs/moped_62ed2f03-2c84-44e6-9866-33b5943ee47f.jpg,1
302,imgs/moped_d10c2634-2452-4df8-8da7-e69beeb1ccf9.jpg,1
303,,1
304,imgs/moped_0010df43-2edd-4ca4-a8c2-a6e0f4436bb5.jpg,1
305,imgs/moped_c2c4b40d-c95d-4f30-8ea6-38be6616e79b.jpg,1
306,imgs/moped_848dcab4-bd1c-4259-93b5-7f5444fe6d21.jpg,1
307,,1
308,imgs/moped_d230d747-5150-4985-8e6a-f90142d34784.jpg,1
309,imgs/moped_79d9ab2b-322d-4e13-86c6-1bd63e1c3ac2.jpg,1
310,imgs/moped_e191705a-ce88-40a3-b28e-3b8a515984a9.jpg,1
311,imgs/moped_fab8bc99-82c2-4426-a60f-b9e88b82bd6e.jpg,1
312,,1
313,imgs/moped_7a92d719-ee87-4d97-b323-53b2e1ff86df.jpg,1
314,,1
315,imgs/moped_d213b3e3-e7c2-4789-b5ad-dc95e173c011.jpg,1
316,imgs/moped_38197bca-c47c-4577-9ef4-e0c536f7c61e.jpg,1
317,imgs/moped_a0479840-6559-4d84-879b-4439788fa235.jpg,1
318,imgs/moped_465ba7b2-40c4-4c2f-a63e-f0aab4a3eb56.jpg,1
319,,1
320,,1
321,,1
322,imgs/moped_9d5c3eb4-0900-4323-9e4b-a6c7411d5ec6.jpg,1
323,imgs/moped_6978b739-6ad5-4041-b902-684e7670d014.jpg,1
324,,1
325,imgs/moped_58269ea2-b46a-4479-a369-04f32390cfcc.jpg,1
326,imgs/moped_c9fbae8d-d15b-47c9-9f32-18bde41a089d.jpg,1
327,imgs/moped_3d838573-3b6a-4540-993c-6705c322f7fb.jpg,1
328,,1
329,imgs/moped_a45289ca-3fcc-4849-aeee-baf5b8889c85.jpg,1
330,imgs/moped_800bb13b-1cdf-4512-b0b6-4fcf31286684.jpg,1
331,,1
332,imgs/moped_dd1107b5-4fd0-4fac-b55f-d979fc596f5e.jpg,1
333,imgs/moped_836439e5-49ee-44f0-94f6-d06b7ec574af.jpg,1
334,imgs/moped_637ea4a1-3879-4293-b29b-8eb09d7e1cf3.jpg,1
335,imgs/moped_eb11a0c7-67a1-496c-87ce-2e770efef2da.jpg,1
336,,1
337,,1
338,,1
339,imgs/moped_c760d487-13c6-4b8c-bdde-bdd37ac9686d.jpg,1
340,imgs/moped_47633dda-a0b1-42cc-a484-37a5e9553ce3.jpg,1
341,,1
342,,1
343,,1
344,imgs/moped_bdb5ed2d-cfaf-4d3a-b533-3501a2878534.jpg,1
345,imgs/moped_a3a79e5e-6e4c-4e86-9964-00e7ed1efb57.jpg,1
346,imgs/moped_9b7660f8-05fc-4844-8e26-24a1d7d428bd.jpg,1
347,,1
348,,1
349,imgs/moped_5fc64530-839e-453a-85cd-30c897d88973.jpg,1
350,imgs/moped_dbd2aef5-3a56-450e-ab6a-a72e32979c60.jpg,1
351,imgs/moped_4eb589bc-333f-41ea-b367-115bd84a89d1.jpg,1
352,,1
353,imgs/moped_1186cf36-ddd6-4b9d-8a22-8ffcce7e2ab6.jpg,1
354,,1
355,,1
356,,1
357,imgs/moped_af9b70a9-c793-467e-a40a-62a41f91b529.jpg,1
358,imgs/moped_4d333e70-625f-4a48-99e3-ba778671259f.jpg,1
359,imgs/moped_77c453c4-c3bd-4674-8fb2-ee99c4881ec7.jpg,1
360,,1
361,imgs/moped_b16585a3-8adf-4b4e-af5c-282b1cbe3aab.jpg,1
362,,1
363,imgs/moped_148c3756-78c9-4b0f-89fa-937a326782be.jpg,1
364,imgs/moped_fddcfc73-e585-4a10-9311-9b65e609704e.jpg,1
365,imgs/moped_0642be1f-4ea1-4407-9713-bfaae9aebad9.jpg,1
366,imgs/moped_670ff0b5-6322-4fc4-88e7-435d7d9213b1.jpg,1
367,imgs/moped_88dda7e2-f87c-4a5c-95a2-f5b2252f7f57.jpg,1
368,imgs/moped_3a9f0c8f-e029-4c0d-a5ea-576e699259dc.jpg,1
369,,1
370,,1
371,,1
372,imgs/moped_5fad3178-74d3-4bed-8549-e84f39728e83.jpg,1
373,,1
374,,1
375,,1
376,,1
377,,1
378,imgs/moped_671c813c-4397-4a43-9def-c4759c3b2832.jpg,1
379,imgs/moped_3a634e68-6540-4cad-9bcb-3211b7d544a1.jpg,1
380,,1
381,,1
382,imgs/moped_503c7602-90ed-4865-a4db-4ac2ab33a4a9.jpg,1
383,,1
384,imgs/moped_551f31df-a442-4b49-bdcd-73847270ad49.jpg,1
385,imgs/moped_5e7b2bd6-b9c3-44f8-9f38-2880f62ca308.jpg,1
386,,1
387,imgs/moped_2bb52884-2d1a-4175-b469-2d09615ae3ff.jpg,1
388,imgs/moped_48491c3f-904d-4a2f-8fc3-a56059a23107.jpg,1
389,,1
390,imgs/moped_41c3d9af-fff8-44e8-b849-d22211b3724f.jpg,1
391,,1
392,imgs/moped_cba3b6f0-db9c-4b57-a639-d7027a3da0f5.jpg,1
393,,1
394,,1
395,imgs/moped_d8fbc878-bc5c-49d7-9b26-c49d86ddffef.jpg,1
396,,1
397,,1
398,imgs/moped_d3f0c458-52b6-444e-8af1-af01c2789cf6.jpg,1
399,,1
400,,1
401,imgs/moped_40905576-d562-4e50-afbd-f29ceda92c13.jpg,1
402,imgs/moped_8ec2d5d6-57e1-4e21-8ed0-91f8ed518361.jpg,1
403,imgs/moped_bbf1f013-0170-4053-a9cc-cc014fc14144.jpg,1
404,imgs/moped_a4d3ab5b-cbf0-4049-8319-907154aa44db.jpg,1
405,,1
406,,1
407,,1
408,,1
409,imgs/moped_f2f7384b-e4ee-4207-ae07-249679452f01.jpg,1
410,,1
411,,1
412,imgs/moped_1ff3429d-ce21-43da-bf55-b2264ca896c9.jpg,1
413,,1
414,,1
415,imgs/moped_29d32c55-1276-4e75-89f7-67e6ce8dfb66.jpg,1
416,imgs/moped_893557b8-f17f-4d31-8b57-e04f50328120.jpg,1
417,,1
418,imgs/moped_91a8b487-ed6a-438f-829c-82b0123db944.jpg,1
419,,1
420,imgs/moped_2a7f0c69-f13a-4a1c-96c3-38ac978e38be.jpg,1
421,imgs/moped_24dc4b71-1bd1-4483-81e5-d995ce334253.jpg,1
422,imgs/moped_6de452f3-43c9-4146-b5ee-52b951a02c26.jpg,1
423,imgs/moped_dce4795a-f227-4153-bd65-bf6eb2e3fe26.jpg,1
424,imgs/moped_9a53a13d-0702-4147-a501-b39c704d650e.jpg,1
425,,1
426,imgs/moped_ac4d9964-6c5b-4b23-8b0c-d49de3b58eb1.jpg,1
427,imgs/moped_72d0f59f-93d0-4ec6-9558-f38cf47b0658.jpg,1
428,imgs/moped_294f2c23-74fd-45c3-82bc-21a3e9cb710d.jpg,1
429,imgs/moped_6e0640c5-6817-48fa-8c4c-8b95aa6ebd5c.jpg,1
430,imgs/moped_4039c006-df3f-4941-bbf1-9d228dd82d6d.jpg,1
431,imgs/moped_d356c281-f006-41a0-ae23-1d06a44c955f.jpg,1
432,imgs/moped_8532d968-e61d-412a-9a7d-8f070bf6d7bf.jpg,1
433,,1
434,,1
435,,1
436,imgs/moped_f90bcbdc-624f-42ac-8f0a-61bfbc671b32.jpg,1
437,imgs/moped_2b3d9e0b-abe5-4d3c-8cbe-fef39daec0c9.jpg,1
438,imgs/moped_35da6b75-be01-445c-bee0-53f6fb852ea2.jpg,1
439,,1
440,imgs/moped_ded233a2-1754-4047-8d73-09742d7c4a40.jpg,1
441,imgs/moped_e5b178f3-eac8-4195-b518-6de069db8397.jpg,1
442,imgs/moped_3b0d4eca-f28a-4c29-abbe-a6cac5c72b8f.jpg,1
443,imgs/moped_bdd8efd4-c63d-4d22-98da-a6448484b74a.jpg,1
444,,1
445,imgs/moped_28ecbaa3-d74f-489e-9120-c0cda9ba821f.jpg,1
446,imgs/moped_85f644d3-11e4-4c68-a8a5-fb861b558811.jpg,1
447,,1
448,imgs/moped_486a1faa-8a99-42c0-8103-880e8756e8b0.jpg,1
449,imgs/moped_d4d66b02-5242-4239-95c4-a54b269b7192.jpg,1
450,imgs/moped_6ab0e7c9-f3ed-44ef-9a0a-7d2d629d41d3.jpg,1
451,,1
452,imgs/moped_0a755455-8177-4159-a228-75527e846f0d.jpg,1
453,imgs/moped_f01c89b9-64a8-49bc-859c-c22eadb56f59.jpg,1
454,imgs/moped_430ef1d6-da1f-439e-aeae-497a9738dd78.jpg,1
455,imgs/moped_b0d0eca6-4d6f-4908-b5d4-32f5b7024f02.jpg,1
456,imgs/moped_1dc3c33b-c47e-4836-bc9f-a988412de5d9.jpg,1
457,imgs/moped_40355432-52ec-4ff4-ae01-8b6af497fd82.jpg,1
458,imgs/moped_314dba12-f973-4477-820b-4ea796149cff.jpg,1
459,imgs/moped_892b088a-51df-46d9-8465-5680d5044acc.jpg,1
460,imgs/moped_c8262d6c-e5e0-43b4-be6b-accc71ba4184.jpg,1
461,imgs/moped_5d14493d-6a34-4812-8d23-b5a8febdea01.jpg,1
462,,1
463,imgs/moped_f10bfed3-50ef-4957-9ad1-16459b8b29d1.jpg,1
464,,1
465,,1
466,imgs/moped_ab962c45-38d6-4f18-941f-428244545055.jpg,1
467,imgs/moped_8191202f-dd44-449d-9455-c2831e21bf27.jpg,1
468,imgs/moped_9c4b3404-2ff4-4ac0-8c42-a7c720a7320b.jpg,1
469,imgs/moped_87e47f45-afa2-43a7-bc11-e30564559c96.jpg,1
470,imgs/moped_83be56a8-a951-4734-8c57-1cd5798c9bc1.jpg,1
471,imgs/moped_c156329d-6e1c-4dd7-b2a2-dec11c3d2338.jpg,1
472,,1
473,imgs/moped_e1692075-434a-4421-b758-adbdbb3f975d.jpg,1
474,imgs/moped_4de9996c-e947-445a-8df5-2cfd8a85ffe4.jpg,1
475,imgs/moped_52e14903-780f-4a68-ac26-f6d655559392.jpg,1
476,imgs/moped_608d5942-da7a-4b8d-87c9-f7a357b5aec8.jpg,1
477,imgs/moped_5ce4e640-8fd4-46f8-88d2-a1d868a5ac7a.jpg,1
478,imgs/moped_8abe6a6e-2534-446d-9837-230f17b232c3.jpg,1
479,,1
480,imgs/moped_aa767a2c-3dd0-4918-8df4-116516daf743.jpg,1
481,imgs/moped_ca667d46-8266-46db-8dea-c72e5f80f99a.jpg,1
482,imgs/moped_828002bc-053b-42ca-8356-d6e026b22c11.jpg,1
483,,1
484,imgs/moped_80dd47ba-e82b-4176-87a3-8f74e432506f.jpg,1
485,imgs/moped_aa3bdcb9-5d68-435e-b261-b069ca208924.jpg,1
486,,1
487,imgs/moped_8e40dc39-de43-431f-b842-5ae493e79835.jpg,1
488,imgs/moped_a9bc0a02-b85e-4bdc-a56b-1770b5fe58d6.jpg,1
489,imgs/moped_9cc66377-e6b2-43f7-8512-3fe11e2ee07c.jpg,1
490,imgs/moped_2b5d86a6-b5d7-490b-aa05-f371f228e79b.jpg,1
491,imgs/moped_20e38066-4431-42e0-8ca3-5d6b7e6ded3c.jpg,1
492,imgs/moped_85c6b3f5-c5f8-45ae-9d42-36e0d8508c26.jpg,1
493,imgs/moped_60f5f8c8-d141-4da8-b74d-d37b6980111f.jpg,1
494,imgs/moped_c77da54b-aee3-415d-b32b-fe678562dfcf.jpg,1
495,imgs/moped_c2a31651-5304-47ad-96aa-846070e5a497.jpg,1
496,imgs/moped_3b1e37b5-5a70-46cf-9875-8b3071d85e30.jpg,1
497,imgs/moped_e60335b9-bf79-472f-bc02-094295d0b18b.jpg,1
498,imgs/moped_8e8d80af-d617-4dea-b00b-cac1bb7bfa54.jpg,1
499,imgs/moped_461477a9-5ffd-4705-ba54-421ab7bd21fb.jpg,1
500,imgs/moped_022defef-0ea4-4d29-9127-fde8075715cc.jpg,1
501,imgs/moped_3118b23c-a299-4525-8ef8-d337137ea54b.jpg,1
502,,1
503,imgs/moped_59c19e2a-a4b6-432f-90f8-bafc452ae49d.jpg,1
504,imgs/moped_2851555b-8ff1-472d-adb7-158c09f5f4d1.jpg,1
505,imgs/moped_90dce971-810d-4156-ac61-aaae0a45f2ab.jpg,1
506,imgs/moped_5ed3ff8d-b1b2-48d5-bb52-00d70ec5b458.jpg,1
507,,1
508,,1
509,imgs/moped_d9ee82d8-c314-4532-8176-18a71f5e5733.jpg,1
510,imgs/moped_76a51440-cecc-47af-af9e-a115af9063dd.jpg,1
511,imgs/moped_da893795-e218-4904-98cd-39bb399df41a.jpg,1
512,imgs/moped_a3d696f8-2201-4edb-81ea-f4bdbeadf7c1.jpg,1
513,,1
514,,1
515,,1
516,,1
517,imgs/moped_42b3b35d-2ec4-479c-a76d-07601f2d5e5c.jpg,1
518,imgs/moped_e6a1207a-d367-420a-ad4a-7a09d61352f3.jpg,1
519,imgs/moped_2da5d618-9a8c-4f71-a349-aa221bf22a6a.jpg,1
520,imgs/moped_21a48237-c2df-41e8-bfbd-c3bba89d4451.jpg,1
521,imgs/moped_77d7a1bc-c6f8-454d-9490-ae2223384b27.jpg,1
522,,1
523,,1
524,,1
525,,1
526,,1
527,imgs/moped_a403f88b-bfe2-4335-ab27-ecffbe6add22.jpg,1
528,,1
529,,1
530,,1
531,imgs/moped_0ddcf30f-d16d-493c-be5d-a6bdb6fd6b98.jpg,1
532,imgs/moped_4697898d-d149-4838-a593-2e02341641c1.jpg,1
533,imgs/moped_71a6a423-86e5-48b2-b33f-c6a0e352f081.jpg,1
534,,1
535,imgs/moped_f5daf0bf-555a-41b8-b165-21007c14ea1f.jpg,1
536,imgs/moped_32961303-032a-48f2-bf2e-596c364d12b1.jpg,1
537,imgs/moped_89272845-5761-466b-bf7f-6ede79fa5be4.jpg,1
538,imgs/moped_008702d3-b7b6-4a5b-b0e2-5a8e5ce52b2e.jpg,1
539,imgs/moped_3c3564a8-9278-4069-9833-02069d454356.jpg,1
540,,1
541,imgs/moped_950bfe1f-4115-451b-a731-85d7155ae7cd.jpg,1
542,imgs/moped_e4d7678a-caa9-4251-a479-8fb0c5671fbe.jpg,1
543,,1
544,,1
545,,1
546,imgs/moped_7d658bcd-e656-4266-bb37-45c0f8fcb53f.jpg,1
547,,1
548,imgs/moped_8248d75d-ddfd-44dd-8794-a83adc21730b.jpg,1
549,imgs/moped_67efbfde-d5df-4182-be50-4d9090d8e256.jpg,1
550,imgs/moped_a31b8755-b9af-4123-bcd7-96fd2f4d47d0.jpg,1
551,imgs/moped_983f6873-4a08-46b3-a204-7e104482fb3d.jpg,1
552,imgs/moped_7d452375-0ba0-4942-a014-c02c105c3732.jpg,1
553,,1
554,,1
555,imgs/moped_e9b17246-efc4-49a4-8f1f-75f5a0a99d7b.jpg,1
556,imgs/moped_8432d802-4bd5-4403-b7ce-b4052edf276a.jpg,1
557,imgs/moped_46de6407-7df5-4dd3-a936-3d694b080aae.jpg,1
558,imgs/moped_6c16bc06-f20b-4ca8-86f6-a96c2b73acef.jpg,1
559,,1
560,imgs/moped_3be686b3-a1c8-4990-8d01-1f78ef3b36eb.jpg,1
561,,1
562,imgs/moped_08dba38f-98b0-4955-b8a7-9dbdfea168a9.jpg,1
563,imgs/moped_23531fa4-e230-45c4-a655-84fcffd2402e.jpg,1
564,imgs/moped_b556b771-6b5c-4c30-abe8-3260e39f04f1.jpg,1
565,,1
566,imgs/moped_d76e6014-cd8f-4fa5-aa52-4cf9022355cf.jpg,1
567,imgs/moped_e5b85466-15c5-40f8-8d11-aad9a8ad6447.jpg,1
568,imgs/moped_8b2d91a8-0a0c-437b-9fdd-c83daed04385.jpg,1
569,imgs/moped_c0b57656-11d0-457d-839b-89c2cb5224ba.jpg,1
570,imgs/moped_96f02725-cbde-43fe-bcee-d51a5ba3f50a.jpg,1
571,imgs/moped_deae56c8-f8a4-4e7d-89cd-2bf25a6c7349.jpg,1
572,imgs/moped_2912cd02-3efd-4101-983c-e04f15b4cd11.jpg,1
573,imgs/moped_04e1b798-5ff4-44e5-9831-df9646a5f9d3.jpg,1
574,,1
575,,1
576,,1
577,imgs/moped_17a1e43b-562d-42a7-b22e-b18b7d6ae775.jpg,1
578,imgs/moped_6c1c1db4-5c40-4346-8a8b-76c48f7691b9.jpg,1
579,imgs/moped_4bdefb51-8e19-4e8c-a900-6b631dec419a.jpg,1
580,imgs/moped_deabde9b-bf9a-4481-a641-b404c328442d.jpg,1
581,,1
582,imgs/moped_ef48bedd-b52b-4fa2-983c-f9fbdec91dbe.jpg,1
583,imgs/moped_427ee3c0-df67-4d9c-824c-f714e2e14613.jpg,1
584,imgs/moped_94abe1d8-2f18-4880-8d94-765ebdf46692.jpg,1
585,,1
586,imgs/moped_b3cdc15c-dee3-4436-9f39-378b7d580524.jpg,1
587,imgs/moped_ceaace16-34ff-4045-ba3c-608810e5f253.jpg,1
588,,1
589,,1
590,,1
591,imgs/moped_c26aa216-c4a8-42b3-a23e-cc44bcfed68d.jpg,1
592,,1
593,imgs/moped_7570e282-e08e-44b4-9e6a-36981f18e3d0.jpg,1
594,imgs/moped_79465f70-f5ec-41e8-aef7-d216b9b7c052.jpg,1
595,,1
596,imgs/moped_7a71b272-74b9-4d0c-935e-fe2f0a543b95.jpg,1
597,,1
598,,1
599,imgs/moped_db15da61-6515-4f5a-8c42-5ec91160b7c6.jpg,1
600,imgs/moped_35c0847a-c327-460d-a0c3-dd8868dd507f.jpg,1
601,imgs/moped_526b707f-23aa-4788-a7c0-84049889c302.jpg,1
602,,1
603,imgs/moped_2d14be8f-c916-43d0-b39a-29aca791d4cc.jpg,1
604,imgs/moped_abcac715-f55c-45cf-a4b5-8974ca1c7c60.jpg,1
605,imgs/moped_a38aaa9e-a32d-4fa8-b101-f1ab478f1ea4.jpg,1
606,,1
607,,1
608,imgs/moped_c9175d22-9dfe-4749-afac-264888842e7e.jpg,1
609,imgs/moped_b178a9fc-ba75-4de6-9fc0-ce3bb5c8ae82.jpg,1
610,,1
611,,1
612,imgs/moped_01a3a621-8c27-4555-ac93-930586a5e632.jpg,1
613,imgs/moped_ce7472f8-1396-4918-9d72-e70076bd8859.jpg,1
614,,1
615,,1
616,,1
617,imgs/moped_f6abbd18-8c69-43cd-8703-6be11d13d74a.jpg,1
618,imgs/moped_9ed2d956-08b8-437a-863a-4a9055647f09.jpg,1
619,,1
620,imgs/moped_abde7981-bd13-425c-8660-4818deeb995e.jpg,1
621,imgs/moped_cf63ba3b-46a3-4310-9550-e07b97a8f62e.jpg,1
622,,1
623,imgs/moped_f74ae3ce-73f5-46b3-bc8b-774cc40180d7.jpg,1
624,,1
625,imgs/moped_c824d087-25c9-48d6-8517-58b36507e00e.jpg,1
626,,1
627,imgs/moped_f7dd16e4-c4c0-4d06-abf7-1ea42253da27.jpg,1
628,,1
629,imgs/moped_d288fcec-41d4-4a41-b007-82d8f3f64abb.jpg,1
630,,1
631,imgs/moped_35e2644a-1651-4e3d-b9d0-151879290566.jpg,1
632,,1
633,imgs/moped_661c4a59-2fd6-44fd-962b-373b7acb29fd.jpg,1
634,,1
635,,1
636,imgs/moped_8021cf1d-ee4a-4e3d-8d78-52b2a67c89ad.jpg,1
637,imgs/moped_2b4c3710-59da-49a1-a31a-511213c33b7d.jpg,1
638,,1
639,imgs/moped_284fc9ea-da89-4c3d-b459-5a4b2cef16ac.jpg,1
640,,1
641,imgs/moped_40e26dcb-fac8-447f-9489-6d76ae0c2a04.jpg,1
642,imgs/moped_0c4deaae-1414-4416-898d-094d8d8eb247.jpg,1
643,,1
644,imgs/moped_cc2e3776-ced7-4548-8a0c-f2366c880252.jpg,1
645,imgs/moped_1368cecc-5c70-4264-8865-0bc162c99d0a.jpg,1
646,imgs/moped_c34151a6-4137-40ca-82bd-97f811022f08.jpg,1
647,imgs/moped_567ecd8f-a21d-47e3-ab74-7832b6f21074.jpg,1
648,imgs/moped_170e60b5-2da1-4cca-8ecf-e364411b83ce.jpg,1
649,imgs/moped_76a3d373-d544-4e06-9d63-fcb8152c16ac.jpg,1
650,,1
651,imgs/moped_f3e236af-4b15-4c42-a363-1ed5012d6bae.jpg,1
652,,1
653,,1
654,,1
655,,1
656,,1
657,imgs/moped_0048aa3e-4735-406f-9a0f-4967ac1458e3.jpg,1
658,imgs/moped_fac14822-292e-42ca-919c-522e14b586c5.jpg,1
659,imgs/moped_0b72b4d7-b9e7-41c4-b757-c596756af0d4.jpg,1
660,,1
661,imgs/moped_629bfa66-d56a-4b18-900b-228b7f83262c.jpg,1
662,,1
663,imgs/moped_e8ad7240-1525-402b-aedc-47e2cbb9a87c.jpg,1
664,,1
665,,1
666,,1
667,imgs/moped_9e4706bd-52be-43c8-9e8f-e76dca025acc.jpg,1
668,imgs/moped_7737e05f-1c84-47fe-a71f-4f61ad39eb98.jpg,1
669,,1
670,imgs/moped_fd596da2-e5db-4db1-b214-c36fe5fd8490.jpg,1
671,imgs/moped_92008f7a-7330-4f56-b508-64b44bbcd901.jpg,1
672,,1
673,imgs/moped_6e8da8bb-edfe-405a-9213-aa3f3608e985.jpg,1
674,imgs/moped_f50d1e92-37fd-4169-a604-aa6ff99d8e02.jpg,1
675,,1
676,,1
677,imgs/moped_ec18611e-4aa1-4d90-a07c-0e00f4918747.jpg,1
678,imgs/moped_78d48da0-2f4c-4628-b0ee-df00853e64d7.jpg,1
679,,1
680,,1
681,,1
682,,1
683,,1
684,imgs/moped_7f75dc6c-363d-43ad-b05c-18d0b1c3ac10.jpg,1
685,imgs/moped_9d4cc96c-9f65-4214-a112-2be3d00bde12.jpg,1
686,imgs/moped_0101c286-576b-477d-aea5-82b81b549d31.jpg,1
687,,1
688,imgs/moped_c56243da-f2be-40e1-b93e-bf0eb245a4f9.jpg,1
689,,1
690,,1
691,imgs/moped_bfe5f0f2-6a1a-4774-98cb-eaeabff8e3be.jpg,1
692,,1
693,,1
694,imgs/moped_e7e74590-9a66-47f7-94f5-0199b862f1f0.jpg,1
695,imgs/moped_7c046bbc-aa65-4416-9e7e-6f7e375faab7.jpg,1
696,,1
697,,1
698,imgs/moped_15ba7be6-b3e2-4491-ad54-0b3c08a01e87.jpg,1
699,,1
700,imgs/moped_395c7c47-557f-4a75-8378-02dc83e0cca9.jpg,1
701,imgs/moped_424a8e0a-5459-4c79-8b99-473d0ed9bbf4.jpg,1
702,imgs/moped_528ac879-a82e-4b0c-9d1f-4fd7e2cc4198.jpg,1
703,,1
704,imgs/moped_7682addd-9b46-482f-b972-036f60a44223.jpg,1
705,imgs/moped_af2a1f13-2c42-441f-b8ef-d64f4302f1c8.jpg,1
706,,1
707,,1
708,imgs/moped_75d04d80-0854-47e4-bb07-78ea0dfc74bf.jpg,1
709,,1
710,,1
711,imgs/moped_04b31bf8-38ed-4613-b800-0422a8443448.jpg,1
712,imgs/moped_87b8764e-9b48-4d4d-93b2-f4ad29f275d1.jpg,1
713,imgs/moped_36a13264-cc7d-410f-929d-a9c53ce90195.jpg,1
714,,1
715,,1
716,imgs/moped_511900a0-2224-4ba7-b443-54d46cdccbcb.jpg,1
717,,1
718,imgs/moped_0620f18b-a212-459b-a848-626cfcc3a35c.jpg,1
719,imgs/moped_b7c9931f-988b-40a0-9c84-9a179397a75e.jpg,1
720,imgs/moped_9bfb2d17-cade-4937-8e5a-31c5da3c9ca0.jpg,1
721,imgs/moped_cce3b231-0d6e-4297-8702-a97713d8eeaf.jpg,1
722,imgs/moped_1a4c11a8-c280-45e2-96ef-90dd7200754d.jpg,1
723,,1
724,,1
725,imgs/moped_a8144c0b-dfa5-40ad-be29-d2280684a8de.jpg,1
726,imgs/moped_51c6848a-b782-4c26-90ca-4c92918942a3.jpg,1
727,,1
728,,1
729,,1
730,,1
731,,1
732,imgs/moped_e7810034-96a0-4856-9bc2-4ac214a7c822.jpg,1
733,,1
734,imgs/moped_d9f4e340-18e0-46e5-b330-924935b7018f.jpg,1
735,imgs/moped_e3927b39-28ac-4107-a6dc-deb0265b68c0.jpg,1
736,,1
737,,1
738,imgs/moped_ead76806-a404-4c87-a011-0e9869fcd3dd.jpg,1
739,,1
740,imgs/moped_b00e6178-597e-4ba4-8b46-f8a39b32e860.jpg,1
741,imgs/moped_e4834361-4760-4ab5-a3d7-18a8df0d6086.jpg,1
742,imgs/moped_5b9ca192-fd55-4bec-b90c-b6e853d40b11.jpg,1
743,imgs/moped_907c6d42-2b6b-4d71-b910-8cdebed0139a.jpg,1
744,imgs/moped_77646a9b-74d9-4140-9b8e-fc8323695857.jpg,1
745,imgs/moped_d034e0df-bc9a-42cd-878c-5305308846fa.jpg,1
746,imgs/moped_11687e39-8e33-4797-af99-205428b40357.jpg,1
747,imgs/moped_5d44a167-33a5-40ec-b2b2-a38f064879f1.jpg,1
748,imgs/moped_a005a1d7-4638-4e3f-a1bb-6c38341a633e.jpg,1
749,imgs/moped_36d6f67e-819d-4a0d-a404-59c07e4aee83.jpg,1
750,imgs/moped_32df851d-273c-4167-aaf2-f2e7fd58cca8.jpg,1
751,imgs/moped_a66f6294-2ab4-467d-b7c4-d8ce2ef699d4.jpg,1
752,,1
753,imgs/moped_2afac99d-a5ea-4fde-b19d-9b8417bc34f4.jpg,1
754,imgs/moped_9d796b8b-6d77-47f0-a780-85c353c440ed.jpg,1
755,imgs/moped_ec5bc75f-1a2f-484c-b3d5-f6f2d30f0671.jpg,1
756,,1
757,,1
758,imgs/moped_c22577a6-e194-4f8a-a3a5-8a2c04b6c8bc.jpg,1
759,,1
760,imgs/moped_b7ae906a-abf8-4499-b035-e8252b96d768.jpg,1
761,,1
762,imgs/moped_15e5d103-3d7b-4f4d-8871-da9a0d0f7e24.jpg,1
763,imgs/moped_6cf92218-a071-44eb-9678-d55a04a340b9.jpg,1
764,imgs/moped_da01feae-099c-4ffa-83d3-86316ba6258b.jpg,1
765,,1
766,,1
767,,1
768,,1
769,imgs/moped_7570ae10-4d47-4039-a419-e47695f6150d.jpg,1
770,imgs/moped_455b7d8e-b238-4b39-a5e4-ff6942d46bfd.jpg,1
771,imgs/moped_68875961-ed35-4c7c-99d4-f11d585f3f9e.jpg,1
772,,1
773,,1
774,,1
775,imgs/moped_1255948c-741c-40bc-830c-ab575ebef1ea.jpg,1
776,,1
777,imgs/moped_88695ab3-37fe-4739-9ea7-20a684afdc69.jpg,1
778,imgs/moped_9cc399c3-4b9a-4209-86eb-12dd2d43f26c.jpg,1
779,imgs/moped_912ba467-9c2b-4141-8ab7-81b82a886b2e.jpg,1
780,,1
781,,1
782,imgs/moped_4443cb51-26ad-4623-800e-bdc787f95630.jpg,1
783,imgs/moped_e4eaa4a9-6fce-4f96-927d-420eb1fe4cfa.jpg,1
784,imgs/moped_2a5d6e14-2ebe-43ea-b153-a2e3bb2c5795.jpg,1
785,imgs/moped_5352cd1d-1d02-4cdf-9faf-00de0331adb5.jpg,1
786,,1
787,,1
788,imgs/moped_c0f00add-929f-4b32-ad27-27b005fa23be.jpg,1
789,imgs/moped_72f2d11e-e980-4565-b4cb-a816e46a05b0.jpg,1
790,imgs/moped_f73152b0-5935-4d2d-982e-76a67bd4fd08.jpg,1
791,,1
792,imgs/moped_23022d46-4d2c-42ae-a891-dfcf38cefb33.jpg,1
793,,1
794,imgs/moped_f39635d5-59ac-4ad3-a517-89b987794e6f.jpg,1
795,,1
796,,1
797,imgs/moped_5cce79f4-d423-48e4-b50a-003d77fe74b3.jpg,1
798,,1
799,,1
800,,1
801,imgs/moped_42a23bd5-88ce-4a11-9654-84aa739e5178.jpg,1
802,imgs/moped_c4aff22c-84f8-4769-9460-e4c4250ccdeb.jpg,1
803,imgs/moped_3e52ffdf-51d9-49f6-96fb-e189261dbed3.jpg,1
804,,1
805,imgs/moped_78625363-c62f-4adc-aeb3-277fe26325be.jpg,1
806,imgs/moped_8c5a01c5-cf8b-4b87-a30d-00c1932dfb07.jpg,1
807,,1
808,imgs/moped_2543bcc5-1fbe-484c-9584-d27f05ed9229.jpg,1
809,imgs/moped_3ead5ccd-c02d-4a8c-afcc-cc0ea3e6c782.jpg,1
810,,1
811,imgs/moped_a6dced5a-9e7b-4861-87bf-55b8438a23c0.jpg,1
812,imgs/moped_d67c078f-0b15-4348-ac98-4d45d6bd5772.jpg,1
813,,1
814,,1
815,imgs/moped_e46778b0-186f-4a53-8c47-41f006d0b6f6.jpg,1
816,imgs/moped_1c399740-2597-466d-b9f3-0c5363594606.jpg,1
817,imgs/moped_fd402306-dbc3-42b6-995e-7f818814297e.jpg,1
818,imgs/moped_39847c05-848c-409d-aa3d-24e616b67071.jpg,1
819,imgs/moped_9670fb9e-4265-482a-902d-3741173887bb.jpg,1
820,,1
821,,1
822,imgs/moped_6b1eb595-d8bd-4ac8-a569-559c7771012a.jpg,1
823,imgs/moped_91efec45-aa58-4904-a1ca-15b1d267adc4.jpg,1
824,imgs/moped_04d7f1e6-ec29-4d9b-a029-a372381f0e21.jpg,1
825,imgs/moped_ed45c35f-a7e8-4690-90b1-1ff407bbe16a.jpg,1
826,imgs/moped_69527d2c-5b51-4180-b738-de34e68ee09c.jpg,1
827,imgs/moped_db4861f3-339c-4075-b989-7b0aacbec3ca.jpg,1
828,imgs/moped_0ffeff0c-e1a1-4352-a9fd-d8cad656aaed.jpg,1
829,,1
830,,1
831,,1
832,imgs/moped_60cc309c-c56f-4c4b-bd89-d59c7d9fc6cd.jpg,1
833,,1
834,imgs/moped_a83c28b0-9310-4b9f-82a4-32514f5f65a9.jpg,1
835,imgs/moped_4624679a-5653-4cbf-8a5c-50aa5bee3e0a.jpg,1
836,imgs/moped_5785170b-8720-47bf-998b-90fedcf321d2.jpg,1
837,imgs/moped_07831e0b-424a-40b5-8c3c-fd8681afde40.jpg,1
838,,1
839,imgs/moped_13e7dda4-6e0a-4365-ad26-357c7a16955e.jpg,1
840,imgs/moped_bf73a579-42b9-46dc-904d-2dff8288b420.jpg,1
841,imgs/moped_c4abb289-e4ff-481f-b853-dab9d27f77d4.jpg,1
842,,1
843,imgs/moped_63226789-dd7c-4beb-8b14-b649f6eb9d46.jpg,1
844,imgs/moped_6abd6113-38b1-4f94-a5c6-16feebc2d7ac.jpg,1
845,,1
846,,1
847,imgs/moped_447864b4-d57c-4ae0-b90e-d9404d1c6bbe.jpg,1
848,imgs/moped_c96e7cd5-db0b-42a0-a168-6f442ba9995a.jpg,1
849,imgs/moped_821f9451-c2cf-4d93-882a-ccd0b873247b.jpg,1
850,imgs/moped_108843e6-ab52-4e88-832e-b85e1e86cb70.jpg,1
851,imgs/moped_ce60dc93-7e84-477e-b12e-4d5f66c9f178.jpg,1
852,,1
853,imgs/moped_95243412-2b22-4b02-b059-6cae42d40781.jpg,1
854,imgs/moped_9bc8d675-93a8-436b-8be9-edffed038631.jpg,1
855,imgs/moped_5c566952-e29c-46fb-aa60-d9f94925a6e1.jpg,1
856,imgs/moped_096f713d-3216-4284-a530-7fa0b9bbd710.jpg,1
857,imgs/moped_a6d1d83b-c0d9-4c9b-84a2-2e82e38fb5df.jpg,1
858,imgs/moped_418a22de-e4da-49fb-b91f-cefbf628679a.jpg,1
859,imgs/moped_01e6d7d5-7200-42a4-824e-9b061e6b9567.jpg,1
860,imgs/moped_ac97c9eb-7d9a-40e3-b3fd-d18d91435781.jpg,1
861,,1
862,imgs/moped_401029c1-5f71-4252-af40-20f3fbad9abf.jpg,1
863,imgs/moped_84ec3aa4-82a2-4538-b794-c5215f6cdc94.jpg,1
864,imgs/moped_34d9d679-6414-450f-8ca3-ff18f0335155.jpg,1
865,imgs/moped_63a48cf1-9ecd-460b-8fc4-46f2152b29eb.jpg,1
866,,1
867,imgs/moped_66fe5101-91c3-4523-8e47-fe3b36870da0.jpg,1
868,imgs/moped_84149e1d-2235-4290-a2bf-4956310c93d0.jpg,1
869,,1
870,imgs/moped_bf043917-e7b6-4090-a535-010ce3bb45d6.jpg,1
871,,1
872,imgs/moped_7dcad61e-1f41-43db-8994-581f3aac555f.jpg,1
873,imgs/moped_88002e14-066c-4a4f-8220-0ce92ad971a5.jpg,1
874,,1
875,imgs/moped_8c940276-95bb-4db6-a649-903cc9a967ae.jpg,1
876,,1
877,,1
878,,1
879,,1
880,,1
881,imgs/moped_f6f665ca-d7d5-4fe3-99c5-ef23d5d8155c.jpg,1
882,imgs/moped_e36530ab-f430-4c3a-a700-8020642b4f1e.jpg,1
883,imgs/moped_8d8e5f74-7be6-4f69-9bc2-68d5c8f73794.jpg,1
884,imgs/moped_acc73532-21b7-4bdd-ae27-f810c1586c72.jpg,1
885,,1
886,imgs/moped_03c2ec08-a67b-4117-bf82-a7cf516681a6.jpg,1
887,,1
888,,1
889,imgs/moped_3b0e2510-bd38-430b-ac25-d9985d1572b3.jpg,1
890,,1
891,imgs/moped_939fd1a7-9594-4c39-b1a7-2a117c2efabf.jpg,1
892,imgs/moped_5ee0ae7f-ebbb-4f58-a572-f64fd18dd3c1.jpg,1
893,,1
894,imgs/moped_51a9f91d-5e1c-4815-8c60-fe93a32c73c5.jpg,1
895,imgs/moped_7f4efb1f-4ba1-413a-ad32-e559b256b9a0.jpg,1
896,imgs/moped_48ff103c-4e0a-4f89-8898-bb8882e669d4.jpg,1
897,imgs/moped_1716bb07-e6ed-4ef4-a04f-eefe674f0c4b.jpg,1
898,imgs/moped_75ae046f-7942-429f-ab54-a7441a3049ef.jpg,1
899,imgs/moped_5cc52d1b-9cf0-482c-9cf8-a93afa782cfe.jpg,1
900,imgs/moped_ac7125bf-15dc-4d59-8919-1dc9f8062643.jpg,1
901,imgs/moped_acc84e61-3c40-4856-b339-146bd8422c7d.jpg,1
902,,1
903,imgs/moped_5da732d0-5486-49b1-a6b3-756c1c322a83.jpg,1
904,,1
905,imgs/moped_000fc7a7-2781-4d16-9586-ede4e9e7c346.jpg,1
906,,1
907,,1
908,imgs/moped_ac5ed309-1c8d-4c23-8108-c0ca266c60d0.jpg,1
909,,1
910,,1
911,imgs/moped_2d3ed76c-1467-4472-8683-a55b6735f125.jpg,1
912,imgs/moped_ba3bb2fb-3c73-48e1-b2c0-fbf525382e08.jpg,1
913,,1
914,imgs/moped_45f1fd42-d8bc-4230-b33f-f8f0755d4d01.jpg,1
915,imgs/moped_5a74f215-04fa-42c9-97b6-47f60de13a81.jpg,1
916,imgs/moped_6768581b-8854-4a56-9d3b-93574c73877e.jpg,1
917,imgs/moped_420dc01f-42ff-4136-8d3a-90b34e64b138.jpg,1
918,,1
919,,1
920,imgs/moped_dfb49f16-b8d3-40bb-aff6-95640b70c519.jpg,1
921,,1
922,,1
923,,1
924,imgs/moped_8f27040c-0813-4975-9a46-71597e361664.jpg,1
925,,1
926,,1
927,imgs/moped_32fc39dc-58ee-4dbb-b5fb-3f696e3d5520.jpg,1
928,imgs/moped_2dbdada2-7901-40bc-9e2c-2ce7e229b9e6.jpg,1
929,imgs/moped_1fc9400d-37fb-4a52-93a0-1936b1ad4463.jpg,1
930,,1
931,imgs/moped_c593686e-2b9c-49b9-93f6-a03456e76225.jpg,1
932,imgs/moped_baf8e8e7-54e4-4146-b915-f68c2b4ce85b.jpg,1
933,imgs/moped_22e14f38-ac76-477d-8254-c8a163c9db9a.jpg,1
934,,1
935,imgs/moped_3f9bdb1d-f634-43cf-b6ea-552d9b78f610.jpg,1
936,,1
937,imgs/moped_11a79fa6-beff-4924-aca0-b1a3c541f46d.jpg,1
938,,1
939,imgs/moped_ca42872f-33d9-43c9-a68f-0cee08d84949.jpg,1
940,,1
941,,1
942,,1
943,imgs/moped_745f8caa-b335-4d6a-aa7a-fdc6246052dd.jpg,1
944,imgs/moped_5b1fd0fe-8790-45d3-a8bd-b4c33ae88f8a.jpg,1
945,imgs/moped_5eea8b71-cb53-4be3-b947-de5dfc818501.jpg,1
946,,1
947,imgs/moped_6e0e9c6b-75e8-457e-930f-c055db3c7da2.jpg,1
948,imgs/moped_ac66d649-b602-4d71-8c8c-58da440af0aa.jpg,1
949,imgs/moped_ae152eea-3b24-4f14-b6cc-32a5847d161e.jpg,1
950,,1
951,imgs/moped_ebfe974a-189e-4f41-9b4c-a3266747e2fd.jpg,1
952,imgs/moped_9b0131ef-c7bc-4113-9429-fef0e9cad699.jpg,1
953,imgs/moped_415b9bd1-0b93-42ee-b7e3-46c576723618.jpg,1
954,imgs/moped_dcfe2655-3e87-4eb1-b405-05703e71c728.jpg,1
955,imgs/moped_94eb2cc0-d73e-4d32-a83c-c7d2b442d88a.jpg,1
956,imgs/moped_371cd187-d452-4a1c-9b73-398da7a7a9c2.jpg,1
957,imgs/moped_64250f29-c4a9-49be-b59a-c4bf64f0b871.jpg,1
958,,1
959,imgs/moped_4b3022ba-24a9-4197-9f02-d183c83316fe.jpg,1
960,imgs/moped_01946324-e92f-4b2c-b416-addab649b2f0.jpg,1
961,imgs/moped_965de16f-869f-4cbc-9468-814232d6031a.jpg,1
962,imgs/moped_a3d0441a-6268-41a8-93fe-fbc7bdc30b7d.jpg,1
963,imgs/moped_a1f6aacf-9bb1-43e3-a9d1-cf59f42e1779.jpg,1
964,imgs/moped_7c836ee0-e56f-418c-a8b3-6ac893f050bd.jpg,1
965,imgs/moped_8b3c6a4a-e72c-4212-8cc0-aa0fd800f728.jpg,1
966,,1
967,,1
968,imgs/moped_ccff157a-a985-45c7-919b-8c0db96e07e9.jpg,1
969,imgs/moped_f4868006-b55d-4818-bd9d-d16a7470cf9a.jpg,1
970,,1
971,imgs/moped_e1408e92-23fc-4fb9-b2d5-d30ed8bd6356.jpg,1
972,imgs/moped_cc3872f2-2e26-4388-bc6e-8dd10aaee375.jpg,1
973,,1
974,imgs/moped_bb00dd06-0a9d-4a96-89ad-e16720ec54a2.jpg,1
975,imgs/moped_14ef0da0-6539-4898-94ef-8f5f5afd16a0.jpg,1
976,,1
977,imgs/moped_09d335af-85ff-4719-8e40-7835bda5bdf9.jpg,1
978,imgs/moped_1b2298e8-ee3c-4af3-9dca-9e8d1b4bdd65.jpg,1
979,imgs/moped_3e01aae3-60c8-4d95-97cc-eb33da54b9a8.jpg,1
980,,1
981,,1
982,imgs/moped_06e9a002-6363-4b9b-8476-155de4d12e28.jpg,1
983,,1
984,,1
985,imgs/moped_3f077b6f-9e77-4ea7-86cd-e496eeed5042.jpg,1
986,imgs/moped_23af5f12-9d26-4e1a-8242-1860fca40da6.jpg,1
987,imgs/moped_cd652720-75a8-4b6c-808e-315666e36902.jpg,1
988,imgs/moped_242a210e-0981-48ae-a0ed-ddf333588502.jpg,1
989,,1
990,,1
991,,1
992,imgs/moped_82c60aae-fd8d-4eee-8849-b3d749fe0d61.jpg,1
993,,1
994,,1
995,,1
996,,1
997,,1
998,,1
999,,1
1000,,1
1001,imgs/moped_103e069c-5805-454a-a709-e2f344398a16.jpg,1
1002,imgs/moped_2c262481-f1fa-454a-b39e-48cc3c950c9c.jpg,1
1003,,1
1004,imgs/moped_4201dbc9-3f5e-4ff7-b11e-901c697959a3.jpg,1
1005,imgs/moped_ac10b4c4-f084-42c7-968d-38fa17fb4ebb.jpg,1
1006,,1
1007,imgs/moped_7e212d14-9fce-4152-a6b8-5a4097ad9b52.jpg,1
1008,imgs/moped_d6488a68-4d91-4172-91e4-9f6ba7601499.jpg,1
1009,,1
1010,imgs/moped_c11200d7-5269-458f-a46f-583c1f6f433a.jpg,1
1011,imgs/moped_73d8498d-5332-49d8-acc4-bc8cd00d2ef6.jpg,1
1012,,1
1013,,1
1014,,1
1015,imgs/moped_b3f0608e-8ac0-4c5c-a10c-7540551b2107.jpg,1
1016,imgs/moped_8b1e1a44-2460-4911-bfd2-03ccda87535d.jpg,1
1017,,1
1018,,1
1019,,1
1020,imgs/moped_dcac3e12-aa40-4922-9c91-258796d9c33e.jpg,1
1021,,1
1022,,1
1023,,1
1024,imgs/moped_b1ac65e1-02be-4260-aca2-f972c29e3921.jpg,1
1025,imgs/moped_b3d3299e-28f6-405b-a62a-096a9ef4907f.jpg,1
1026,imgs/moped_a983d706-faf4-4978-ba02-de6e64d5c0cc.jpg,1
1027,,1
1028,imgs/moped_e9af1a94-8315-4c59-b0d5-1ed9ddef1fee.jpg,1
1029,imgs/moped_9717cc40-2e35-40aa-a52f-10447bb2c165.jpg,1
1030,imgs/moped_a6f850b2-38f8-44ef-9070-3ffc52daa54e.jpg,1
1031,imgs/moped_9774d8ab-576b-4573-a342-9bac9e1b3ecd.jpg,1
1032,imgs/moped_d4d63918-eaf4-4924-9b41-af2c241c9b72.jpg,1
1033,imgs/moped_bed9bae6-49f0-4dae-a072-c12f074d9601.jpg,1
1034,imgs/moped_8a65ecb2-6610-45be-beed-2e16a6d2c8c1.jpg,1
1035,,1
1036,,1
1037,imgs/moped_35b59f3e-a0e5-4c1e-a897-20bda20ba4b8.jpg,1
1038,imgs/moped_719337b7-2445-4669-ae8f-786f0531073e.jpg,1
1039,,1
1040,,1
1041,imgs/moped_16d19d64-23c4-40b1-9a80-0a431f4d237d.jpg,1
1042,imgs/moped_6708bbca-dffc-44e2-831e-53b0c614b9e2.jpg,1
1043,,1
1044,,1
1045,,1
1046,,1
1047,imgs/moped_22705543-ace9-403b-a06f-4f49aed4b58a.jpg,1
1048,imgs/moped_8f66dbba-c667-4fe0-9c1f-9e740588b029.jpg,1
1049,,1
1050,imgs/moped_1a886f61-0762-45b2-9727-97aec7dac32f.jpg,1
1051,imgs/moped_a02280f0-8034-4b34-a4cd-8a2f146078da.jpg,1
1052,imgs/moped_6ec75bd1-8a12-441c-933d-a0ab20ccf1d9.jpg,1
1053,imgs/moped_bcbbd2e5-e242-4b7f-a636-86f95e76a247.jpg,1
1054,,1
1055,,1
1056,imgs/moped_b033798b-8aeb-4be8-942d-0c208bf6d609.jpg,1
1057,imgs/moped_2d84c126-511f-406a-8528-42ed2ab61909.jpg,1
1058,,1
1059,imgs/moped_6cf0a838-d68e-47c2-a8a2-3effe148390a.jpg,1
1060,,1
1061,imgs/moped_63ef2958-5580-4c4f-81ae-32acc743d475.jpg,1
1062,,1
1063,,1
1064,,1
1065,imgs/moped_b829097e-e659-49e3-98b8-210be898a1c8.jpg,1
1066,,1
1067,imgs/moped_4d29fb6e-3c82-4f59-9527-73135828fead.jpg,1
1068,imgs/moped_f1444fe1-d32e-4670-8d63-b1fceb11f0bf.jpg,1
1069,imgs/moped_0b801b15-3cd6-43c0-a244-64e3f9a2ae24.jpg,1
1070,imgs/moped_337de9db-d253-4680-ba0c-6a546639b1ad.jpg,1
1071,,1
1072,,1
1073,,1
1074,imgs/moped_22a5a64b-af8f-4479-a585-e8348d3c8798.jpg,1
1075,imgs/moped_ff85185c-886f-498b-9b5d-ef9a31161544.jpg,1
1076,imgs/moped_52f30c0d-3561-4267-ba56-b750ed69fa80.jpg,1
1077,,1
1078,imgs/moped_69c88b09-eb27-40ad-ba8d-c924f6f2752e.jpg,1
1079,imgs/moped_58dfd431-c86f-4ac3-b7a7-0937c0f267a7.jpg,1
1080,,1
1081,,1
1082,,1
1083,imgs/moped_812dee67-56ea-433c-a364-f87c236a3924.jpg,1
1084,imgs/moped_ca4ef261-df3c-441d-bd74-19081f46a2d1.jpg,1
1085,,1
1086,,1
1087,imgs/moped_c1f10e26-af04-45fa-9941-d8a3131f4d8b.jpg,1
1088,imgs/moped_bb4df3df-2ecf-4864-945c-da9d4ac5c706.jpg,1
1089,imgs/moped_d91c5612-2ffe-4d65-8deb-07a30ecc25ac.jpg,1
1090,imgs/moped_2197c8ac-d183-42a9-a3e5-fcf592f9fb20.jpg,1
1091,imgs/moped_cb9e43e0-808b-4bb9-952f-038ba96838ba.jpg,1
1092,imgs/moped_d50d2bb6-4b43-4adc-ac13-0c726dbcbf6e.jpg,1
1093,imgs/moped_018fc0a2-d1a6-4893-bf1e-52237d45932f.jpg,1
1094,imgs/moped_3c9778a6-1168-4cf2-8ecc-6d4e3bdee625.jpg,1
1095,imgs/moped_61b137fb-fd7b-451d-9789-8e72a00d05eb.jpg,1
1096,,1
1097,imgs/moped_1d59c36d-5f6a-4725-a850-6adc531c8042.jpg,1
1098,,1
1099,imgs/moped_43d3e6b3-7e01-4bbe-b2b0-810d36c27733.jpg,1
1100,imgs/moped_3d395e5d-6fa6-42be-a1c1-e0e30bf74092.jpg,1
1101,imgs/moped_59987384-867d-4a6a-87e2-46aa56fa4dfc.jpg,1
1102,imgs/moped_e7870082-9ed4-43d1-8c74-a97fa9843cf7.jpg,1
1103,imgs/moped_09134a44-d74c-4465-b575-3ab0234af403.jpg,1
1104,imgs/moped_11ca55f1-3d00-42ca-a606-a7c30ee2c42d.jpg,1
1105,,1
1106,imgs/moped_c38a3657-8056-4f14-ad29-600adca4d05e.jpg,1
1107,imgs/moped_8d42c18f-bbba-41ce-a6f5-1a73fb324454.jpg,1
1108,,1
1109,,1
1110,,1
1111,imgs/moped_9942c774-5fdb-43b4-87b0-af87079971fb.jpg,1
1112,imgs/moped_e3dd074a-ce55-4efa-86dd-642a28533c60.jpg,1
1113,,1
1114,imgs/moped_b98208b2-2930-492e-b19e-d8200bfbe697.jpg,1
1115,imgs/moped_94ab78cb-35ec-4587-924f-c816f0057d94.jpg,1
1116,imgs/moped_0d54f86e-6e3c-43f7-8fda-b6f9ab244723.jpg,1
1117,,1
1118,imgs/moped_e700af0e-12a6-4417-9c4e-a005ca8a515b.jpg,1
1119,imgs/moped_9484914f-cd76-430b-b7f5-531093445d81.jpg,1
1120,imgs/moped_2278ed2e-057e-4cb1-ab50-1f2bcefada12.jpg,1
1121,,1
1122,,1
1123,imgs/moped_5fc13a00-0b1b-4cad-a722-8c23bcc17323.jpg,1
1124,,1
1125,,1
1126,imgs/moped_2a3ba44e-4dcc-45e1-8f46-3c4b6bece486.jpg,1
1127,,1
1128,imgs/moped_100083e0-3c4c-4725-9936-5d9426bd3127.jpg,1
1129,imgs/moped_2ea8af41-e71e-4aa0-a1a8-c75ee2a1117e.jpg,1
1130,imgs/moped_f5dca9a2-46e6-4998-a6a8-feb424ecf18f.jpg,1
1131,imgs/moped_51f20664-c6bd-49d3-ae8d-85d2344b7f33.jpg,1
1132,,1
1133,imgs/moped_f21d78f7-4482-4204-8ab5-dbb1d3cb2336.jpg,1
1134,,1
1135,imgs/moped_4b70fe2c-caad-4a1b-81e6-46b16a3da8a8.jpg,1
1136,,1
1137,imgs/moped_38b24c96-60b1-49cd-8e2d-d2c302191361.jpg,1
1138,imgs/moped_da363566-4c16-47b0-a8d0-20a0327767b3.jpg,1
1139,,1
1140,imgs/moped_7376c382-6da8-4288-a4b8-30dc4ebc8fec.jpg,1
1141,,1
1142,,1
1143,imgs/moped_bcee8576-2c64-4b4e-b6b7-61b11012ac4c.jpg,1
1144,imgs/moped_b72b2586-c40c-4597-b910-8ca08b08aba0.jpg,1
1145,,1
1146,imgs/moped_ade34854-bebe-4f9d-8423-fdfdc5106981.jpg,1
1147,,1
1148,imgs/moped_2e3f9226-974a-4c31-88ea-d57a620e83d0.jpg,1
1149,,1
1150,imgs/moped_38f614dc-1c4b-41f3-9d37-aad757ccb8ba.jpg,1
1151,,1
1152,,1
1153,imgs/moped_d4aeacfa-bf4a-457a-89d8-de5657cc58fb.jpg,1
1154,imgs/moped_d8fac91d-f682-4e8b-90a5-f73e53d9ffc1.jpg,1
1155,imgs/moped_f230f997-471f-4c11-8cba-a5bc315a0a24.jpg,1
1156,imgs/moped_4aa9d01f-38a5-4adb-98dd-aab8b0a5a227.jpg,1
1157,,1
1158,,1
1159,imgs/moped_3d1db039-e0ba-49a2-9af3-78899898d9b7.jpg,1
1160,imgs/moped_31836f17-c642-4d54-a42b-7b7b759da376.jpg,1
1161,imgs/moped_825ec306-ef37-4df2-8dc8-c78b689041cd.jpg,1
1162,imgs/moped_ca989d37-db40-4295-84f6-a61cfdb62f87.jpg,1
1163,,1
1164,imgs/moped_b84036f2-b919-4dbc-b43d-ad186f3ff4bd.jpg,1
1165,,1
1166,imgs/moped_e6df39b6-1fc3-4ad5-8844-9ee6cc4565e3.jpg,1
1167,,1
1168,imgs/moped_d2fe153a-8679-4d74-9965-a393fd00843e.jpg,1
1169,,1
1170,,1
1171,imgs/moped_dab3c33c-7256-4d88-ab69-77d17a898928.jpg,1
1172,imgs/moped_11603116-9b97-41f9-9cd2-e808d2ee852b.jpg,1
1173,imgs/moped_8cadc723-6a5f-4713-acb1-de4cc3823d74.jpg,1
1174,imgs/moped_2a3b735e-1def-482d-b77f-4ef1f873c5ba.jpg,1
1175,imgs/moped_6e9cf4e3-4481-4779-8330-184f73bae559.jpg,1
1176,imgs/moped_3f59a458-a6d8-422e-8827-2ccc9da4337f.jpg,1
1177,imgs/moped_185d2858-36d5-4889-9224-470102b728f1.jpg,1
1178,,1
1179,,1
1180,imgs/moped_fdbb1a89-f30c-42de-9bca-d576073d8694.jpg,1
1181,imgs/moped_4c145927-2c5b-46fe-94b9-1f66cf2de47d.jpg,1
1182,,1
1183,,1
1184,,1
1185,,1
1186,,1
1187,,1
1188,imgs/moped_03add1c8-e719-4dfa-a446-165cea45109d.jpg,1
1189,,1
1190,imgs/moped_64fba1ba-e1a2-4fbe-956a-cda1b24ccc14.jpg,1
1191,imgs/moped_ee7ab5b4-6f96-4c0c-92c7-340ae0a0cac3.jpg,1
1192,imgs/moped_0ebde549-9759-4eb9-876f-8ac93788ace8.jpg,1
1193,,1
1194,,1
1195,imgs/moped_11b59186-8ea0-436d-88fa-7d4e94ae80d3.jpg,1
1196,imgs/moped_1a7dc6b7-0e28-4c25-9eee-8425525ba49a.jpg,1
1197,,1
1198,imgs/moped_74e59101-eb0f-4104-b6ac-c4aa943bc9bf.jpg,1
1199,,1
1200,,1
1201,,1
1202,imgs/moped_05652bfc-ed49-483d-8cc5-484e01ec1ad3.jpg,1
1203,imgs/moped_f7068540-c9b3-4224-a44c-878ff4d1a6b2.jpg,1
1204,,1
1205,imgs/moped_e22281e8-b608-43b0-9e53-30e5345fa783.jpg,1
1206,imgs/moped_57a17c1e-e8d1-475a-b8b9-af2d47bebf67.jpg,1
1207,imgs/moped_ceb3ea1c-48d6-496c-a4f1-954300514ee3.jpg,1
1208,,1
1209,imgs/moped_16245358-4744-4d2e-b965-e362824dbffd.jpg,1
1210,,1
1211,,1
1212,imgs/moped_f2cb5d27-214c-406a-bdd7-5a28ce05c0b5.jpg,1
1213,imgs/moped_58f40b4c-904c-4689-82c0-2039f4b60426.jpg,1
1214,imgs/moped_89464a15-8dfb-4904-986d-4ad4046dd185.jpg,1
1215,,1
1216,imgs/moped_ef573b74-9ce6-405a-952a-5b71b1e352de.jpg,1
1217,imgs/moped_a068473e-1cce-42c4-b6b5-c1bf07c03dc6.jpg,1
1218,imgs/moped_a7df9f34-e137-4888-a2e7-fbfae98cf65a.jpg,1
1219,imgs/moped_ed14e82f-6922-43ac-bbe2-b5937d6c9b0a.jpg,1
1220,imgs/moped_3f86a6f1-3dfa-4d64-9d04-d66ccd7d6b4b.jpg,1
1221,imgs/moped_e1efcb96-fddb-42b2-860f-c77e3f37619b.jpg,1
1222,imgs/moped_046f61c4-769d-40a1-bd3c-768b63ec1fc3.jpg,1
1223,imgs/moped_e17ef37e-a16f-437a-a450-4187049ade4a.jpg,1
1224,,1
1225,,1
1226,imgs/moped_9f529ea4-405d-4a45-83b1-4c7f564489d2.jpg,1
1227,,1
1228,imgs/moped_2929ab8d-0be4-4328-9df3-58c67ec968cd.jpg,1
1229,,1
1230,imgs/moped_3558d8f3-3e7a-4938-9012-c441a8fd710f.jpg,1
1231,imgs/moped_27d37a35-c34f-4375-97ff-0260ac88cc04.jpg,1
1232,,1
1233,,1
1234,,1
1235,,1
1236,imgs/moped_fee25bcd-996c-4674-bc3a-9767c4ed5c9f.jpg,1
1237,,1
1238,imgs/moped_51bc4d52-7484-46fa-b76a-384134cfa005.jpg,1
1239,,1
1240,,1
1241,imgs/moped_6568866b-65f5-4fb1-9c34-ef107d778ad2.jpg,1
1242,imgs/moped_82ecd6e4-4269-4e22-b43d-393587a0555f.jpg,1
1243,,1
1244,imgs/moped_e553ce3a-1dc6-41de-a502-cd05d6b47bb4.jpg,1
1245,imgs/moped_a86973b7-4a2c-4a31-aa8f-bcc5db017d8d.jpg,1
1246,imgs/moped_215bab87-8e26-48a4-b4d1-c2e304230be1.jpg,1
1247,imgs/moped_21f514f1-1032-4337-8e47-ecadf40d2ed9.jpg,1
1248,,1
1249,imgs/moped_501b2ddd-8933-4fe0-9f30-d33c433fe93e.jpg,1
1250,,1
1251,imgs/moped_0299340a-a94d-4946-84f1-0b4d85dd5303.jpg,1
1252,,1
1253,imgs/moped_66cc6fd3-a07d-405e-be01-d5117cc6fe86.jpg,1
1254,imgs/moped_79baff27-1f37-4958-8298-a5f1b4199c92.jpg,1
1255,imgs/moped_37c5f32f-39b7-4e88-a163-9a806910acc8.jpg,1
1256,imgs/moped_39b25fb1-b75b-4703-8139-b9beb4db0865.jpg,1
1257,,1
1258,imgs/moped_0fb1dd92-7d13-40af-b520-528bcf268ed5.jpg,1
1259,imgs/moped_772f2520-81ab-4262-8d0f-f45226244b2b.jpg,1
